received_timestamp,source_timestamp,symbol,price,volume,td
2026-09-08T00:30:15.896+00:00,1788827413884,USOIL,92.20800,2.00000,0
2026-09-08T00:30:17.744+00:00,1788827415755,USOIL,92.21800,2.00000,0
2026-09-08T00:30:25.143+00:00,1788827423151,USOIL,92.20200,7.00000,0
2026-09-08T00:30:25.442+00:00,1788827423426,USOIL,92.20900,1.00000,0
2026-09-08T00:30:26.442+00:00,1788827424439,USOIL,92.20800,1.00000,0
2026-09-08T00:30:27.043+00:00,1788827425064,USOIL,92.20900,2.00000,0
2026-09-08T00:30:32.443+00:00,1788827430458,USOIL,92.21400,2.00000,0
2026-09-08T00:30:34.092+00:00,1788827432095,USOIL,92.21700,1.00000,0
2026-09-08T00:30:35.345+00:00,1788827433337,USOIL,92.21200,1.00000,0
2026-09-08T00:30:37.292+00:00,1788827435279,USOIL,92.20900,1.00000,0
2026-09-08T00:30:39.191+00:00,1788827437193,USOIL,92.18800,5.00000,0
2026-09-08T00:30:39.842+00:00,1788827437867,USOIL,92.18400,2.00000,0
2026-09-08T00:30:40.492+00:00,1788827438510,USOIL,92.18200,3.00000,0
2026-09-08T00:30:40.742+00:00,1788827438767,USOIL,92.18300,1.00000,0
2026-09-08T00:30:41.492+00:00,1788827439487,USOIL,92.18800,1.00000,0
2026-09-08T00:30:44.042+00:00,1788827442038,USOIL,92.19400,1.00000,0
2026-09-08T00:30:44.293+00:00,1788827442317,USOIL,92.18900,1.00000,0
2026-09-08T00:30:44.996+00:00,1788827442985,USOIL,92.17800,1.00000,0
2026-09-08T00:30:46.641+00:00,1788827444627,USOIL,92.16700,4.00000,0
2026-09-08T00:30:47.542+00:00,1788827445573,USOIL,92.16400,1.00000,0
2026-09-08T00:30:47.842+00:00,1788827445869,USOIL,92.14700,3.00000,0
2026-09-08T00:30:48.242+00:00,1788827446238,USOIL,92.14400,3.00000,0
2026-09-08T00:30:48.492+00:00,1788827446495,USOIL,92.14200,1.00000,0
2026-09-08T00:30:48.843+00:00,1788827446864,USOIL,92.14400,2.00000,0
2026-09-08T00:30:50.142+00:00,1788827448152,USOIL,92.12200,3.00000,0
2026-09-08T00:30:50.442+00:00,1788827448453,USOIL,92.12400,3.00000,0
2026-09-08T00:30:51.392+00:00,1788827449405,USOIL,92.12900,1.00000,0
2026-09-08T00:30:52.342+00:00,1788827450364,USOIL,92.13200,2.00000,0
2026-09-08T00:30:52.693+00:00,1788827450708,USOIL,92.13300,2.00000,0
2026-09-08T00:30:53.294+00:00,1788827451319,USOIL,92.14900,3.00000,0
2026-09-08T00:30:53.792+00:00,1788827451794,USOIL,92.13700,2.00000,0
2026-09-08T00:30:53.993+00:00,1788827451975,USOIL,92.14200,1.00000,0
2026-09-08T00:30:54.592+00:00,1788827452621,USOIL,92.14700,1.00000,0
2026-09-08T00:30:54.892+00:00,1788827452900,USOIL,92.15300,1.00000,0
2026-09-08T00:30:56.191+00:00,1788827454186,USOIL,92.15400,4.00000,0
2026-09-08T00:30:56.542+00:00,1788827454552,USOIL,92.15900,1.00000,0
2026-09-08T00:30:59.043+00:00,1788827457046,USOIL,92.14700,2.00000,0
2026-09-08T00:30:59.391+00:00,1788827457415,USOIL,92.13700,1.00000,0
2026-09-08T00:30:59.691+00:00,1788827457690,USOIL,92.14800,1.00000,0
2026-09-08T00:31:00.042+00:00,1788827458057,USOIL,92.14200,1.00000,0
2026-09-08T00:31:00.342+00:00,1788827458360,USOIL,92.13800,2.00000,0
2026-09-08T00:31:01.942+00:00,1788827459972,USOIL,92.14200,1.00000,0
2026-09-08T00:31:06.142+00:00,1788827464141,USOIL,92.14200,0.00000,0
2026-09-08T00:31:06.144+00:00,1788827464142,USOIL,92.14400,1.00000,0
2026-09-08T00:31:06.393+00:00,1788827464418,USOIL,92.13300,2.00000,0
2026-09-08T00:31:06.742+00:00,1788827464744,USOIL,92.12200,2.00000,0
2026-09-08T00:31:07.092+00:00,1788827465114,USOIL,92.11200,3.00000,0
2026-09-08T00:31:11.243+00:00,1788827469272,USOIL,92.11800,1.00000,0
2026-09-08T00:31:11.894+00:00,1788827469897,USOIL,92.12300,1.00000,0
2026-09-08T00:31:13.191+00:00,1788827471191,USOIL,92.12200,2.00000,0
2026-09-08T00:31:15.405+00:00,1788827473417,USOIL,92.12800,2.00000,0
2026-09-08T00:31:15.693+00:00,1788827473716,USOIL,92.12700,1.00000,0
2026-09-08T00:31:16.041+00:00,1788827474065,USOIL,92.12300,1.00000,0
2026-09-08T00:31:17.342+00:00,1788827475365,USOIL,92.12700,1.00000,0
2026-09-08T00:36:58.243+00:00,1788827816237,USOIL,92.30700,2.00000,0
2026-09-08T00:36:58.541+00:00,1788827816561,USOIL,92.31200,1.00000,0
2026-09-08T00:37:03.041+00:00,1788827821038,USOIL,92.31200,0.00000,0
2026-09-08T00:37:03.043+00:00,1788827821038,USOIL,92.31700,1.00000,0
2026-09-08T00:37:03.441+00:00,1788827821428,USOIL,92.31900,2.00000,0
2026-09-08T00:37:03.692+00:00,1788827821714,USOIL,92.31800,2.00000,0
2026-09-08T00:37:04.040+00:00,1788827822069,USOIL,92.32700,1.00000,0
2026-09-08T00:37:04.641+00:00,1788827822658,USOIL,92.31900,1.00000,0
2026-09-08T00:37:09.590+00:00,1788827827585,USOIL,92.32200,1.00000,0
2026-09-08T00:37:14.602+00:00,1788827832575,USOIL,92.32300,2.00000,0
2026-09-08T00:37:14.945+00:00,1788827832959,USOIL,92.31700,1.00000,0
2026-09-08T00:37:17.141+00:00,1788827835155,USOIL,92.31800,2.00000,0
2026-09-08T00:37:17.841+00:00,1788827835846,USOIL,92.31200,1.00000,0
2026-09-08T00:37:27.740+00:00,1788827845757,USOIL,92.31400,1.00000,0
2026-09-08T00:37:28.090+00:00,1788827846083,USOIL,92.31700,1.00000,0
2026-09-08T00:37:34.449+00:00,1788827852429,USOIL,92.31300,1.00000,0
2026-09-08T00:37:41.490+00:00,1788827859485,USOIL,92.31300,2.00000,0
2026-09-08T00:37:41.847+00:00,1788827859832,USOIL,92.30800,2.00000,0
2026-09-08T00:37:43.090+00:00,1788827861120,USOIL,92.31800,1.00000,0
2026-09-08T00:37:44.040+00:00,1788827862069,USOIL,92.31300,1.00000,0
2026-09-08T00:38:00.691+00:00,1788827878702,USOIL,92.31400,2.00000,0
2026-09-08T00:38:02.690+00:00,1788827880675,USOIL,92.31400,0.00000,0
2026-09-08T00:38:02.692+00:00,1788827880675,USOIL,92.30900,1.00000,0
2026-09-08T00:38:05.491+00:00,1788827883511,USOIL,92.30700,2.00000,0
2026-09-08T00:38:10.340+00:00,1788827888327,USOIL,92.29900,2.00000,0
2026-09-08T00:38:11.290+00:00,1788827889321,USOIL,92.30400,1.00000,0
2026-09-08T00:38:14.494+00:00,1788827892487,USOIL,92.30700,1.00000,0
2026-09-08T00:38:19.240+00:00,1788827897268,USOIL,92.30900,2.00000,0
2026-09-08T00:38:19.640+00:00,1788827897634,USOIL,92.30400,1.00000,0
2026-09-08T00:38:23.741+00:00,1788827901749,USOIL,92.30300,4.00000,0
2026-09-08T00:38:27.893+00:00,1788827905923,USOIL,92.30700,1.00000,0
2026-09-08T00:38:28.239+00:00,1788827906230,USOIL,92.30300,1.00000,0
2026-09-08T00:38:28.890+00:00,1788827906915,USOIL,92.30700,1.00000,0
2026-09-08T00:38:29.190+00:00,1788827907213,USOIL,92.30200,1.00000,0
2026-09-08T00:38:38.190+00:00,1788827916185,USOIL,92.30700,1.00000,0
2026-09-08T00:38:39.740+00:00,1788827917753,USOIL,92.30400,1.00000,0
2026-09-08T00:38:40.041+00:00,1788827918071,USOIL,92.30800,1.00000,0
2026-09-08T00:38:49.343+00:00,1788827927371,USOIL,92.31200,2.00000,0
2026-09-08T00:38:51.291+00:00,1788827929283,USOIL,92.31700,1.00000,0
2026-09-08T00:38:52.940+00:00,1788827930940,USOIL,92.32900,2.00000,0
2026-09-08T00:38:59.592+00:00,1788827937606,USOIL,92.32400,1.00000,0
2026-09-08T00:39:06.689+00:00,1788827944692,USOIL,92.32400,0.00000,0
2026-09-08T00:39:06.691+00:00,1788827944692,USOIL,92.32900,1.00000,0
2026-09-08T00:39:06.989+00:00,1788827944999,USOIL,92.32900,3.00000,0
2026-09-08T00:39:07.339+00:00,1788827945331,USOIL,92.32200,1.00000,0
2026-09-08T00:39:10.189+00:00,1788827948186,USOIL,92.31700,3.00000,0
2026-09-08T00:39:13.039+00:00,1788827951067,USOIL,92.31200,1.00000,0
2026-09-08T00:39:19.140+00:00,1788827957141,USOIL,92.31900,1.00000,0
2026-09-08T00:39:22.992+00:00,1788827960976,USOIL,92.31800,1.00000,0
2026-09-08T00:39:25.249+00:00,1788827963233,USOIL,92.31700,1.00000,0
2026-09-08T00:39:25.889+00:00,1788827963900,USOIL,92.32200,1.00000,0
2026-09-08T00:39:27.789+00:00,1788827965776,USOIL,92.29900,4.00000,0
2026-09-08T00:39:38.339+00:00,1788827976364,USOIL,92.29300,4.00000,0
2026-09-08T00:39:54.938+00:00,1788827992951,USOIL,92.29200,2.00000,0
2026-09-08T00:39:55.644+00:00,1788827993645,USOIL,92.29700,1.00000,0
2026-09-08T00:39:56.289+00:00,1788827994288,USOIL,92.31300,2.00000,0
2026-09-08T00:39:56.538+00:00,1788827994567,USOIL,92.30900,1.00000,0
2026-09-08T00:40:05.840+00:00,1788828003855,USOIL,92.30900,0.00000,0
2026-09-08T00:40:05.841+00:00,1788828003855,USOIL,92.31400,1.00000,0
2026-09-08T00:40:13.588+00:00,1788828011602,USOIL,92.31700,1.00000,0
2026-09-08T00:40:14.843+00:00,1788828012871,USOIL,92.31200,1.00000,0
2026-09-08T00:40:15.191+00:00,1788828013193,USOIL,92.31400,2.00000,0
2026-09-08T00:40:17.387+00:00,1788828015385,USOIL,92.31700,1.00000,0
2026-09-08T00:40:23.488+00:00,1788828021506,USOIL,92.31900,1.00000,0
2026-09-08T00:40:34.988+00:00,1788828032999,USOIL,92.32300,3.00000,0
2026-09-08T00:40:35.338+00:00,1788828033326,USOIL,92.32900,1.00000,0
2026-09-08T00:40:37.888+00:00,1788828035916,USOIL,92.32400,1.00000,0
2026-09-08T00:40:39.187+00:00,1788828037186,USOIL,92.32700,1.00000,0
2026-09-08T00:40:40.089+00:00,1788828038122,USOIL,92.32200,1.00000,0
2026-09-08T00:40:41.087+00:00,1788828039076,USOIL,92.31800,1.00000,0
2026-09-08T00:40:41.387+00:00,1788828039380,USOIL,92.31800,2.00000,0
2026-09-08T00:40:43.638+00:00,1788828041640,USOIL,92.31700,2.00000,0
2026-09-08T00:40:53.588+00:00,1788828051617,USOIL,92.31400,1.00000,0
2026-09-08T00:40:53.888+00:00,1788828051919,USOIL,92.30700,1.00000,0
2026-09-08T00:41:07.038+00:00,1788828065035,USOIL,92.30700,0.00000,0
2026-09-08T00:41:07.041+00:00,1788828065035,USOIL,92.30800,1.00000,0
2026-09-08T00:41:15.038+00:00,1788828073059,USOIL,92.30200,1.00000,0
2026-09-08T00:41:19.492+00:00,1788828077493,USOIL,92.30800,3.00000,0
2026-09-08T00:41:21.136+00:00,1788828079142,USOIL,92.30800,2.00000,0
2026-09-08T00:41:26.839+00:00,1788828084846,USOIL,92.29800,3.00000,0
2026-09-08T00:41:27.186+00:00,1788828085198,USOIL,92.30200,2.00000,0
2026-09-08T00:41:28.187+00:00,1788828086180,USOIL,92.30200,2.00000,0
2026-09-08T00:41:28.437+00:00,1788828086460,USOIL,92.32300,3.00000,0
2026-09-08T00:41:38.387+00:00,1788828096391,USOIL,92.31900,1.00000,0
2026-09-08T00:41:38.686+00:00,1788828096716,USOIL,92.32200,1.00000,0
2026-09-08T00:41:48.886+00:00,1788828106916,USOIL,92.32200,3.00000,0
2026-09-08T00:41:49.537+00:00,1788828107560,USOIL,92.31900,1.00000,0
2026-09-08T00:42:10.086+00:00,1788828128091,USOIL,92.31900,0.00000,0
2026-09-08T00:42:10.087+00:00,1788828128092,USOIL,92.32200,2.00000,0
2026-09-08T00:42:12.287+00:00,1788828130302,USOIL,92.32800,1.00000,0
2026-09-08T00:42:13.937+00:00,1788828131943,USOIL,92.34900,2.00000,0
2026-09-08T00:42:17.086+00:00,1788828135116,USOIL,92.34700,1.00000,0
2026-09-08T00:42:18.686+00:00,1788828136720,USOIL,92.34200,1.00000,0
2026-09-08T00:42:19.337+00:00,1788828137330,USOIL,92.33900,3.00000,0
2026-09-08T00:42:21.287+00:00,1788828139306,USOIL,92.34400,1.00000,0
2026-09-08T00:42:21.586+00:00,1788828139608,USOIL,92.34900,1.00000,0
2026-09-08T00:42:23.186+00:00,1788828141200,USOIL,92.34300,1.00000,0
2026-09-08T00:42:39.237+00:00,1788828157226,USOIL,92.33700,1.00000,0
2026-09-08T00:42:43.336+00:00,1788828161360,USOIL,92.33400,1.00000,0
2026-09-08T00:42:46.936+00:00,1788828164928,USOIL,92.33700,1.00000,0
2026-09-08T00:42:53.586+00:00,1788828171589,USOIL,92.34900,1.00000,0
2026-09-08T00:42:55.135+00:00,1788828173159,USOIL,92.34900,5.00000,0
2026-09-08T00:43:06.985+00:00,1788828184999,USOIL,92.34900,0.00000,0
2026-09-08T00:43:06.986+00:00,1788828184999,USOIL,92.34800,1.00000,0
2026-09-08T00:43:07.336+00:00,1788828185330,USOIL,92.35800,1.00000,0
2026-09-08T00:43:07.936+00:00,1788828185934,USOIL,92.37300,3.00000,0
2026-09-08T00:43:08.235+00:00,1788828186262,USOIL,92.37700,1.00000,0
2026-09-08T00:43:08.885+00:00,1788828186922,USOIL,92.37300,1.00000,0
2026-09-08T00:43:09.839+00:00,1788828187856,USOIL,92.36300,2.00000,0
2026-09-08T00:43:12.437+00:00,1788828190447,USOIL,92.36800,1.00000,0
2026-09-08T00:43:15.285+00:00,1788828193310,USOIL,92.35900,3.00000,0
2026-09-08T00:43:15.586+00:00,1788828193616,USOIL,92.36300,2.00000,0
2026-09-08T00:43:17.709+00:00,1788828195551,USOIL,92.35400,2.00000,0
2026-09-08T00:43:29.685+00:00,1788828207703,USOIL,92.34200,2.00000,0
2026-09-08T00:43:30.936+00:00,1788828208970,USOIL,92.34900,3.00000,0
2026-09-08T00:43:31.288+00:00,1788828209313,USOIL,92.36900,2.00000,0
2026-09-08T00:43:34.486+00:00,1788828212497,USOIL,92.36200,1.00000,0
2026-09-08T00:43:41.186+00:00,1788828219197,USOIL,92.36800,1.00000,0
2026-09-08T00:43:41.834+00:00,1788828219847,USOIL,92.35700,1.00000,0
2026-09-08T00:43:45.335+00:00,1788828223333,USOIL,92.36400,1.00000,0
2026-09-08T00:43:46.585+00:00,1788828224620,USOIL,92.36800,1.00000,0
2026-09-08T00:43:51.384+00:00,1788828229397,USOIL,92.36400,1.00000,0
2026-09-08T00:43:59.334+00:00,1788828237344,USOIL,92.36700,1.00000,0
2026-09-08T00:44:01.935+00:00,1788828239941,USOIL,92.37300,1.00000,0
2026-09-08T00:44:02.187+00:00,1788828240217,USOIL,92.37800,1.00000,0
2026-09-08T00:44:03.185+00:00,1788828241213,USOIL,92.37800,0.00000,0
2026-09-08T00:44:03.187+00:00,1788828241214,USOIL,92.37400,1.00000,0
2026-09-08T00:44:05.785+00:00,1788828243779,USOIL,92.37700,1.00000,0
2026-09-08T00:44:06.084+00:00,1788828244084,USOIL,92.38200,1.00000,0
2026-09-08T00:44:06.384+00:00,1788828244384,USOIL,92.37800,1.00000,0
2026-09-08T00:44:06.684+00:00,1788828244688,USOIL,92.37700,1.00000,0
2026-09-08T00:44:09.884+00:00,1788828247917,USOIL,92.36700,1.00000,0
2026-09-08T00:44:11.535+00:00,1788828249525,USOIL,92.37700,2.00000,0
2026-09-08T00:44:12.435+00:00,1788828250449,USOIL,92.37200,1.00000,0
2026-09-08T00:44:16.284+00:00,1788828254308,USOIL,92.36900,1.00000,0
2026-09-08T00:44:21.684+00:00,1788828259701,USOIL,92.36200,1.00000,0
2026-09-08T00:44:28.084+00:00,1788828266098,USOIL,92.36300,2.00000,0
2026-09-08T00:44:33.233+00:00,1788828271234,USOIL,92.36700,1.00000,0
2026-09-08T00:44:34.183+00:00,1788828272180,USOIL,92.36300,1.00000,0
2026-09-08T00:44:36.083+00:00,1788828274111,USOIL,92.36900,1.00000,0
2026-09-08T00:44:37.035+00:00,1788828275055,USOIL,92.36400,1.00000,0
2026-09-08T00:44:37.336+00:00,1788828275360,USOIL,92.36900,1.00000,0
2026-09-08T00:44:43.384+00:00,1788828281424,USOIL,92.37300,1.00000,0
2026-09-08T00:44:47.834+00:00,1788828285871,USOIL,92.37800,1.00000,0
2026-09-08T00:44:59.034+00:00,1788828297060,USOIL,92.37900,1.00000,0
2026-09-08T00:44:59.983+00:00,1788828297999,USOIL,92.36700,2.00000,0
2026-09-08T00:45:00.288+00:00,1788828298297,USOIL,92.36400,1.00000,0
2026-09-08T00:45:01.583+00:00,1788828299584,USOIL,92.36900,1.00000,0
2026-09-08T00:45:09.933+00:00,1788828307927,USOIL,92.36900,0.00000,0
2026-09-08T00:45:09.935+00:00,1788828307927,USOIL,92.37400,1.00000,0
2026-09-08T00:45:10.533+00:00,1788828308528,USOIL,92.38200,1.00000,0
2026-09-08T00:45:16.883+00:00,1788828314915,USOIL,92.37400,1.00000,0
2026-09-08T00:45:17.234+00:00,1788828315252,USOIL,92.37700,1.00000,0
2026-09-08T00:45:17.833+00:00,1788828315852,USOIL,92.37900,2.00000,0
2026-09-08T00:45:28.384+00:00,1788828326423,USOIL,92.37900,2.00000,0
2026-09-08T00:45:29.636+00:00,1788828327646,USOIL,92.38400,1.00000,0
2026-09-08T00:45:36.082+00:00,1788828334085,USOIL,92.37900,1.00000,0
2026-09-08T00:45:43.034+00:00,1788828341053,USOIL,92.38200,1.00000,0
2026-09-08T00:45:43.382+00:00,1788828341398,USOIL,92.38700,1.00000,0
2026-09-08T00:45:43.683+00:00,1788828341698,USOIL,92.38300,1.00000,0
2026-09-08T00:45:44.984+00:00,1788828342999,USOIL,92.37900,2.00000,0
2026-09-08T00:45:51.383+00:00,1788828349384,USOIL,92.36700,1.00000,0
2026-09-08T00:45:51.682+00:00,1788828349707,USOIL,92.36200,1.00000,0
2026-09-08T00:45:51.986+00:00,1788828349995,USOIL,92.36700,1.00000,0
2026-09-08T00:45:53.283+00:00,1788828351297,USOIL,92.37300,1.00000,0
2026-09-08T00:45:54.232+00:00,1788828352263,USOIL,92.37200,2.00000,0
2026-09-08T00:45:59.033+00:00,1788828357034,USOIL,92.36800,1.00000,0
2026-09-08T00:46:04.082+00:00,1788828362123,USOIL,92.36800,0.00000,0
2026-09-08T00:46:04.084+00:00,1788828362123,USOIL,92.35800,1.00000,0
2026-09-08T00:46:04.482+00:00,1788828362499,USOIL,92.33800,3.00000,0
2026-09-08T00:46:04.784+00:00,1788828362820,USOIL,92.34200,1.00000,0
2026-09-08T00:46:12.783+00:00,1788828370784,USOIL,92.33700,1.00000,0
2026-09-08T00:46:20.133+00:00,1788828378158,USOIL,92.33800,1.00000,0
2026-09-08T00:46:21.432+00:00,1788828379427,USOIL,92.33400,3.00000,0
2026-09-08T00:46:21.732+00:00,1788828379724,USOIL,92.33700,1.00000,0
2026-09-08T00:46:22.984+00:00,1788828380993,USOIL,92.33800,1.00000,0
2026-09-08T00:46:28.083+00:00,1788828386076,USOIL,92.33300,3.00000,0
2026-09-08T00:46:28.433+00:00,1788828386453,USOIL,92.33800,1.00000,0
2026-09-08T00:46:31.282+00:00,1788828389316,USOIL,92.33200,1.00000,0
2026-09-08T00:46:44.382+00:00,1788828402407,USOIL,92.29400,6.00000,0
2026-09-08T00:46:44.681+00:00,1788828402706,USOIL,92.30200,2.00000,0
2026-09-08T00:46:45.633+00:00,1788828403671,USOIL,92.29800,1.00000,0
2026-09-08T00:46:45.980+00:00,1788828403999,USOIL,92.29800,3.00000,0
2026-09-08T00:46:46.584+00:00,1788828404623,USOIL,92.30400,1.00000,0
2026-09-08T00:46:54.631+00:00,1788828412647,USOIL,92.30900,1.00000,0
2026-09-08T00:47:02.332+00:00,1788828420343,USOIL,92.30900,0.00000,0
2026-09-08T00:47:02.335+00:00,1788828420343,USOIL,92.31400,1.00000,0
2026-09-08T00:47:02.634+00:00,1788828420625,USOIL,92.32900,2.00000,0
2026-09-08T00:47:06.182+00:00,1788828424189,USOIL,92.33200,2.00000,0
2026-09-08T00:47:06.482+00:00,1788828424482,USOIL,92.34900,1.00000,0
2026-09-08T00:47:07.132+00:00,1788828425160,USOIL,92.36200,7.00000,0
2026-09-08T00:47:07.731+00:00,1788828425770,USOIL,92.37400,2.00000,0
2026-09-08T00:47:08.082+00:00,1788828426123,USOIL,92.36800,2.00000,0
2026-09-08T00:47:09.382+00:00,1788828427413,USOIL,92.36400,1.00000,0
2026-09-08T00:47:11.631+00:00,1788828429648,USOIL,92.36700,1.00000,0
2026-09-08T00:47:19.281+00:00,1788828437305,USOIL,92.37300,4.00000,0
2026-09-08T00:47:20.581+00:00,1788828438597,USOIL,92.36400,2.00000,0
2026-09-08T00:47:26.631+00:00,1788828444666,USOIL,92.36200,2.00000,0
2026-09-08T00:47:26.982+00:00,1788828444999,USOIL,92.36200,2.00000,0
2026-09-08T00:47:29.180+00:00,1788828447222,USOIL,92.37300,2.00000,0
2026-09-08T00:47:31.731+00:00,1788828449766,USOIL,92.36900,1.00000,0
2026-09-08T00:47:32.081+00:00,1788828450120,USOIL,92.37400,1.00000,0
2026-09-08T00:47:32.732+00:00,1788828450732,USOIL,92.37200,2.00000,0
2026-09-08T00:47:38.487+00:00,1788828456508,USOIL,92.37400,2.00000,0
2026-09-08T00:47:39.481+00:00,1788828457474,USOIL,92.37900,3.00000,0
2026-09-08T00:47:39.881+00:00,1788828457879,USOIL,92.37400,1.00000,0
2026-09-08T00:47:40.081+00:00,1788828458083,USOIL,92.36900,1.00000,0
2026-09-08T00:47:43.932+00:00,1788828461928,USOIL,92.37400,1.00000,0
2026-09-08T00:47:50.587+00:00,1788828468622,USOIL,92.36300,4.00000,0
2026-09-08T00:47:51.882+00:00,1788828469882,USOIL,92.36300,2.00000,0
2026-09-08T00:47:52.231+00:00,1788828470265,USOIL,92.36300,3.00000,0
2026-09-08T00:47:57.030+00:00,1788828475036,USOIL,92.36300,2.00000,0
2026-09-08T00:47:59.931+00:00,1788828477938,USOIL,92.36200,2.00000,0
2026-09-08T00:48:00.181+00:00,1788828478208,USOIL,92.36900,1.00000,0
2026-09-08T00:48:00.531+00:00,1788828478540,USOIL,92.37300,1.00000,0
2026-09-08T00:48:06.581+00:00,1788828484622,USOIL,92.37300,0.00000,0
2026-09-08T00:48:06.584+00:00,1788828484622,USOIL,92.36700,1.00000,0
2026-09-08T00:48:07.231+00:00,1788828485246,USOIL,92.36800,2.00000,0
2026-09-08T00:48:10.130+00:00,1788828488173,USOIL,92.37800,1.00000,0
2026-09-08T00:48:10.484+00:00,1788828488495,USOIL,92.37300,5.00000,0
2026-09-08T00:48:22.582+00:00,1788828500605,USOIL,92.37200,1.00000,0
2026-09-08T00:48:25.481+00:00,1788828503515,USOIL,92.37800,1.00000,0
2026-09-08T00:48:37.330+00:00,1788828515355,USOIL,92.37700,1.00000,0
2026-09-08T00:48:37.932+00:00,1788828515962,USOIL,92.36900,1.00000,0
2026-09-08T00:48:50.784+00:00,1788828528798,USOIL,92.37200,1.00000,0
2026-09-08T00:48:51.730+00:00,1788828529764,USOIL,92.36400,1.00000,0
2026-09-08T00:48:52.034+00:00,1788828530066,USOIL,92.36900,1.00000,0
2026-09-08T00:49:04.229+00:00,1788828542254,USOIL,92.36900,0.00000,0
2026-09-08T00:49:04.231+00:00,1788828542254,USOIL,92.37400,2.00000,0
2026-09-08T00:49:05.130+00:00,1788828543145,USOIL,92.37900,1.00000,0
2026-09-08T00:49:07.429+00:00,1788828545427,USOIL,92.37700,2.00000,0
2026-09-08T00:49:08.380+00:00,1788828546375,USOIL,92.37800,2.00000,0
2026-09-08T00:49:18.282+00:00,1788828556314,USOIL,92.37300,1.00000,0
2026-09-08T00:49:21.779+00:00,1788828559776,USOIL,92.37900,1.00000,0
2026-09-08T00:49:33.230+00:00,1788828571268,USOIL,92.37700,1.00000,0
2026-09-08T00:49:34.829+00:00,1788828572863,USOIL,92.38300,1.00000,0
2026-09-08T00:49:40.580+00:00,1788828578620,USOIL,92.39900,2.00000,0
2026-09-08T00:49:44.779+00:00,1788828582792,USOIL,92.39900,2.00000,0
2026-09-08T00:49:46.779+00:00,1788828584804,USOIL,92.39700,2.00000,0
2026-09-08T00:49:50.529+00:00,1788828588575,USOIL,92.38800,1.00000,0
2026-09-08T00:49:51.479+00:00,1788828589503,USOIL,92.39900,3.00000,0
2026-09-08T00:49:53.730+00:00,1788828591749,USOIL,92.40300,1.00000,0
2026-09-08T00:49:56.579+00:00,1788828594607,USOIL,92.39700,1.00000,0
2026-09-08T00:49:56.930+00:00,1788828594940,USOIL,92.39900,1.00000,0
2026-09-08T00:50:03.329+00:00,1788828601373,USOIL,92.39900,0.00000,0
2026-09-08T00:50:03.331+00:00,1788828601373,USOIL,92.38700,2.00000,0
2026-09-08T00:50:03.930+00:00,1788828601974,USOIL,92.39200,3.00000,0
2026-09-08T00:50:04.280+00:00,1788828602285,USOIL,92.39200,2.00000,0
2026-09-08T00:50:05.280+00:00,1788828603295,USOIL,92.37900,6.00000,0
2026-09-08T00:50:06.228+00:00,1788828604243,USOIL,92.37800,2.00000,0
2026-09-08T00:50:12.579+00:00,1788828610613,USOIL,92.38300,1.00000,0
2026-09-08T00:50:12.928+00:00,1788828610942,USOIL,92.38400,2.00000,0
2026-09-08T00:50:13.579+00:00,1788828611598,USOIL,92.37400,1.00000,0
2026-09-08T00:50:19.629+00:00,1788828617667,USOIL,92.36700,1.00000,0
2026-09-08T00:50:20.978+00:00,1788828618974,USOIL,92.37400,1.00000,0
2026-09-08T00:50:43.328+00:00,1788828641332,USOIL,92.36800,3.00000,0
2026-09-08T00:50:43.678+00:00,1788828641675,USOIL,92.36400,1.00000,0
2026-09-08T00:50:44.279+00:00,1788828642302,USOIL,92.33800,4.00000,0
2026-09-08T00:50:44.578+00:00,1788828642622,USOIL,92.32800,2.00000,0
2026-09-08T00:50:46.478+00:00,1788828644519,USOIL,92.33800,3.00000,0
2026-09-08T00:50:46.828+00:00,1788828644837,USOIL,92.34400,1.00000,0
2026-09-08T00:50:47.178+00:00,1788828645204,USOIL,92.33700,3.00000,0
2026-09-08T00:50:47.478+00:00,1788828645475,USOIL,92.33900,2.00000,0
2026-09-08T00:50:48.427+00:00,1788828646433,USOIL,92.33900,2.00000,0
2026-09-08T00:50:50.678+00:00,1788828648690,USOIL,92.33700,2.00000,0
2026-09-08T00:50:51.328+00:00,1788828649353,USOIL,92.32700,2.00000,0
2026-09-08T00:50:51.928+00:00,1788828649943,USOIL,92.33700,2.00000,0
2026-09-08T00:50:52.278+00:00,1788828650307,USOIL,92.33400,1.00000,0
2026-09-08T00:50:55.478+00:00,1788828653490,USOIL,92.35200,3.00000,0
2026-09-08T00:50:55.828+00:00,1788828653841,USOIL,92.34700,1.00000,0
2026-09-08T00:50:56.129+00:00,1788828654163,USOIL,92.34900,2.00000,0
2026-09-08T00:50:58.381+00:00,1788828656399,USOIL,92.34400,3.00000,0
2026-09-08T00:50:58.727+00:00,1788828656741,USOIL,92.34400,2.00000,0
2026-09-08T00:50:58.978+00:00,1788828656999,USOIL,92.34900,1.00000,0
2026-09-08T00:50:59.678+00:00,1788828657689,USOIL,92.34900,2.00000,0
2026-09-08T00:50:59.980+00:00,1788828657993,USOIL,92.35400,1.00000,0
2026-09-08T00:51:00.278+00:00,1788828658291,USOIL,92.35200,2.00000,0
2026-09-08T00:51:00.578+00:00,1788828658595,USOIL,92.34900,1.00000,0
2026-09-08T00:51:02.527+00:00,1788828660530,USOIL,92.34900,0.00000,0
2026-09-08T00:51:02.530+00:00,1788828660530,USOIL,92.34300,1.00000,0
2026-09-08T00:51:02.879+00:00,1788828660898,USOIL,92.34200,2.00000,0
2026-09-08T00:51:03.178+00:00,1788828661223,USOIL,92.33700,1.00000,0
2026-09-08T00:51:04.479+00:00,1788828662502,USOIL,92.33700,3.00000,0
2026-09-08T00:51:07.728+00:00,1788828665736,USOIL,92.33300,3.00000,0
2026-09-08T00:51:07.978+00:00,1788828665999,USOIL,92.33900,1.00000,0
2026-09-08T00:51:09.636+00:00,1788828667631,USOIL,92.33800,2.00000,0
2026-09-08T00:51:17.327+00:00,1788828675351,USOIL,92.34300,3.00000,0
2026-09-08T00:51:17.627+00:00,1788828675666,USOIL,92.34700,1.00000,0
2026-09-08T00:51:19.578+00:00,1788828677586,USOIL,92.34300,1.00000,0
2026-09-08T00:51:25.977+00:00,1788828683998,USOIL,92.34400,4.00000,0
2026-09-08T00:51:32.377+00:00,1788828690415,USOIL,92.34900,1.00000,0
2026-09-08T00:51:32.978+00:00,1788828690999,USOIL,92.33800,2.00000,0
2026-09-08T00:51:33.327+00:00,1788828691341,USOIL,92.33300,2.00000,0
2026-09-08T00:51:35.527+00:00,1788828693574,USOIL,92.33900,1.00000,0
2026-09-08T00:51:36.227+00:00,1788828694233,USOIL,92.34200,1.00000,0
2026-09-08T00:51:36.577+00:00,1788828694584,USOIL,92.33800,1.00000,0
2026-09-08T00:51:38.785+00:00,1788828696821,USOIL,92.33200,1.00000,0
2026-09-08T00:51:46.828+00:00,1788828704846,USOIL,92.34300,2.00000,0
2026-09-08T00:51:50.026+00:00,1788828708029,USOIL,92.34900,1.00000,0
2026-09-08T00:51:50.327+00:00,1788828708357,USOIL,92.34700,1.00000,0
2026-09-08T00:51:52.576+00:00,1788828710593,USOIL,92.34400,1.00000,0
2026-09-08T00:51:59.927+00:00,1788828717950,USOIL,92.33800,1.00000,0
2026-09-08T00:52:00.577+00:00,1788828718615,USOIL,92.34900,2.00000,0
2026-09-08T00:52:02.780+00:00,1788828720814,USOIL,92.34900,0.00000,0
2026-09-08T00:52:02.782+00:00,1788828720814,USOIL,92.34200,1.00000,0
2026-09-08T00:52:04.484+00:00,1788828722500,USOIL,92.34400,2.00000,0
2026-09-08T00:52:04.726+00:00,1788828722758,USOIL,92.34700,2.00000,0
2026-09-08T00:52:07.027+00:00,1788828725026,USOIL,92.34200,3.00000,0
2026-09-08T00:52:07.627+00:00,1788828725663,USOIL,92.34300,1.00000,0
2026-09-08T00:52:18.126+00:00,1788828736134,USOIL,92.33900,3.00000,0
2026-09-08T00:52:19.076+00:00,1788828737118,USOIL,92.33700,1.00000,0
2026-09-08T00:52:19.726+00:00,1788828737727,USOIL,92.33200,1.00000,0
2026-09-08T00:52:21.984+00:00,1788828739980,USOIL,92.33800,1.00000,0
2026-09-08T00:52:22.226+00:00,1788828740260,USOIL,92.33700,3.00000,0
2026-09-08T00:52:22.627+00:00,1788828740642,USOIL,92.33900,1.00000,0
2026-09-08T00:52:23.576+00:00,1788828741590,USOIL,92.33300,1.00000,0
2026-09-08T00:52:23.927+00:00,1788828741933,USOIL,92.33700,1.00000,0
2026-09-08T00:52:28.026+00:00,1788828746046,USOIL,92.34200,1.00000,0
2026-09-08T00:52:32.830+00:00,1788828750864,USOIL,92.33700,1.00000,0
2026-09-08T00:52:36.028+00:00,1788828754049,USOIL,92.33300,1.00000,0
2026-09-08T00:52:42.126+00:00,1788828760136,USOIL,92.34400,2.00000,0
2026-09-08T00:52:42.477+00:00,1788828760502,USOIL,92.34800,1.00000,0
2026-09-08T00:52:47.241+00:00,1788828765259,USOIL,92.35200,2.00000,0
2026-09-08T00:52:47.577+00:00,1788828765602,USOIL,92.35700,1.00000,0
2026-09-08T00:52:47.927+00:00,1788828765947,USOIL,92.36900,1.00000,0
2026-09-08T00:52:48.232+00:00,1788828766271,USOIL,92.37200,1.00000,0
2026-09-08T00:52:48.526+00:00,1788828766549,USOIL,92.37200,2.00000,0
2026-09-08T00:52:48.877+00:00,1788828766879,USOIL,92.36700,1.00000,0
2026-09-08T00:52:49.833+00:00,1788828767868,USOIL,92.36300,1.00000,0
2026-09-08T00:52:55.277+00:00,1788828773321,USOIL,92.36700,1.00000,0
2026-09-08T00:52:55.585+00:00,1788828773622,USOIL,92.36400,1.00000,0
2026-09-08T00:52:56.577+00:00,1788828774583,USOIL,92.36900,1.00000,0
2026-09-08T00:52:57.876+00:00,1788828775880,USOIL,92.37400,1.00000,0
2026-09-08T00:52:59.555+00:00,1788828777446,USOIL,92.36700,1.00000,0
2026-09-08T00:52:59.807+00:00,1788828777794,USOIL,92.36300,1.00000,0
2026-09-08T00:53:02.391+00:00,1788828780375,USOIL,92.35800,1.00000,0
2026-09-08T00:53:02.677+00:00,1788828780694,USOIL,92.35800,0.00000,0
2026-09-08T00:53:02.680+00:00,1788828780694,USOIL,92.36300,1.00000,0
2026-09-08T00:53:20.676+00:00,1788828798702,USOIL,92.36200,1.00000,0
2026-09-08T00:53:21.058+00:00,1788828798984,USOIL,92.36700,1.00000,0
2026-09-08T00:53:21.276+00:00,1788828799293,USOIL,92.36200,1.00000,0
2026-09-08T00:53:30.369+00:00,1788828808281,USOIL,92.36800,1.00000,0
2026-09-08T00:53:40.315+00:00,1788828818228,USOIL,92.36200,1.00000,0
2026-09-08T00:53:40.526+00:00,1788828818530,USOIL,92.36900,1.00000,0
2026-09-08T00:53:41.778+00:00,1788828819799,USOIL,92.37400,3.00000,0
2026-09-08T00:53:51.725+00:00,1788828829734,USOIL,92.37300,1.00000,0
2026-09-08T00:53:52.028+00:00,1788828830039,USOIL,92.36300,1.00000,0
2026-09-08T00:53:52.375+00:00,1788828830421,USOIL,92.36900,1.00000,0
2026-09-08T00:53:55.367+00:00,1788828833284,USOIL,92.36800,1.00000,0
2026-09-08T00:54:00.484+00:00,1788828838421,USOIL,92.36900,1.00000,0
2026-09-08T00:54:02.975+00:00,1788828840991,USOIL,92.36900,0.00000,0
2026-09-08T00:54:02.977+00:00,1788828840991,USOIL,92.37300,3.00000,0
2026-09-08T00:54:03.926+00:00,1788828841967,USOIL,92.36800,1.00000,0
2026-09-08T00:54:04.277+00:00,1788828842294,USOIL,92.35900,1.00000,0
2026-09-08T00:54:07.483+00:00,1788828845502,USOIL,92.35400,2.00000,0
2026-09-08T00:54:07.775+00:00,1788828845825,USOIL,92.35200,2.00000,0
2026-09-08T00:54:20.968+00:00,1788828858972,USOIL,92.37900,5.00000,0
2026-09-08T00:54:21.275+00:00,1788828859293,USOIL,92.36700,1.00000,0
2026-09-08T00:54:21.625+00:00,1788828859636,USOIL,92.36800,2.00000,0
2026-09-08T00:54:22.228+00:00,1788828860239,USOIL,92.36900,1.00000,0
2026-09-08T00:54:25.157+00:00,1788828863159,USOIL,92.36300,1.00000,0
2026-09-08T00:54:25.425+00:00,1788828863460,USOIL,92.36700,3.00000,0
2026-09-08T00:54:26.677+00:00,1788828864692,USOIL,92.36800,2.00000,0
2026-09-08T00:54:29.625+00:00,1788828867630,USOIL,92.36400,3.00000,0
2026-09-08T00:54:31.825+00:00,1788828869869,USOIL,92.35400,2.00000,0
2026-09-08T00:54:34.076+00:00,1788828872122,USOIL,92.35800,1.00000,0
2026-09-08T00:54:48.526+00:00,1788828886570,USOIL,92.36300,1.00000,0
2026-09-08T00:54:48.824+00:00,1788828886862,USOIL,92.35700,3.00000,0
2026-09-08T00:54:59.729+00:00,1788828897770,USOIL,92.35800,2.00000,0
2026-09-08T00:55:05.527+00:00,1788828903550,USOIL,92.35800,0.00000,0
2026-09-08T00:55:05.535+00:00,1788828903550,USOIL,92.36200,1.00000,0
2026-09-08T00:55:09.703+00:00,1788828907680,USOIL,92.35800,1.00000,0
2026-09-08T00:55:10.311+00:00,1788828908320,USOIL,92.34900,1.00000,0
2026-09-08T00:55:17.673+00:00,1788828915708,USOIL,92.33900,3.00000,0
2026-09-08T00:55:20.224+00:00,1788828918256,USOIL,92.33700,2.00000,0
2026-09-08T00:55:28.573+00:00,1788828926615,USOIL,92.33400,1.00000,0
2026-09-08T00:55:28.924+00:00,1788828926941,USOIL,92.31900,6.00000,0
2026-09-08T00:55:29.224+00:00,1788828927238,USOIL,92.30800,2.00000,0
2026-09-08T00:55:29.874+00:00,1788828927890,USOIL,92.31700,1.00000,0
2026-09-08T00:55:33.463+00:00,1788828931439,USOIL,92.31300,1.00000,0
2026-09-08T00:55:34.070+00:00,1788828932049,USOIL,92.31800,1.00000,0
2026-09-08T00:55:35.072+00:00,1788828933094,USOIL,92.31400,1.00000,0
2026-09-08T00:55:45.333+00:00,1788828943348,USOIL,92.31200,1.00000,0
2026-09-08T00:55:47.823+00:00,1788828945872,USOIL,92.31700,1.00000,0
2026-09-08T00:55:48.173+00:00,1788828946210,USOIL,92.32800,2.00000,0
2026-09-08T00:55:50.423+00:00,1788828948466,USOIL,92.31700,1.00000,0
2026-09-08T00:55:50.727+00:00,1788828948749,USOIL,92.31900,1.00000,0
2026-09-08T00:55:51.074+00:00,1788828949114,USOIL,92.31900,2.00000,0
2026-09-08T00:55:52.723+00:00,1788828950726,USOIL,92.31400,1.00000,0
2026-09-08T00:56:00.801+00:00,1788828958729,USOIL,92.32300,3.00000,0
2026-09-08T00:56:01.623+00:00,1788828959649,USOIL,92.31400,3.00000,0
2026-09-08T00:56:02.022+00:00,1788828959977,USOIL,92.31900,1.00000,0
2026-09-08T00:56:04.588+00:00,1788828962541,USOIL,92.31900,0.00000,0
2026-09-08T00:56:04.595+00:00,1788828962541,USOIL,92.32400,1.00000,0
2026-09-08T00:56:17.995+00:00,1788828975996,USOIL,92.29700,3.00000,0
2026-09-08T00:56:18.322+00:00,1788828976342,USOIL,92.30900,1.00000,0
2026-09-08T00:58:27.417+00:00,1788829105451,USOIL,92.31200,1.00000,0
2026-09-08T00:58:29.067+00:00,1788829107104,USOIL,92.31400,2.00000,0
2026-09-08T00:58:36.472+00:00,1788829114451,USOIL,92.32300,2.00000,0
2026-09-08T00:58:36.798+00:00,1788829114779,USOIL,92.33400,1.00000,0
2026-09-08T00:58:38.617+00:00,1788829116671,USOIL,92.32700,1.00000,0
2026-09-08T00:58:43.167+00:00,1788829121184,USOIL,92.33900,2.00000,0
2026-09-08T00:58:43.417+00:00,1788829121468,USOIL,92.32800,1.00000,0
2026-09-08T00:58:45.367+00:00,1788829123420,USOIL,92.33900,1.00000,0
2026-09-08T00:58:48.267+00:00,1788829126297,USOIL,92.33900,2.00000,0
2026-09-08T00:58:48.622+00:00,1788829126632,USOIL,92.33300,1.00000,0
2026-09-08T00:58:49.867+00:00,1788829127910,USOIL,92.33800,3.00000,0
2026-09-08T00:58:50.168+00:00,1788829128188,USOIL,92.33400,1.00000,0
2026-09-08T00:58:50.468+00:00,1788829128512,USOIL,92.33900,1.00000,0
2026-09-08T00:58:52.068+00:00,1788829130120,USOIL,92.33700,2.00000,0
2026-09-08T00:58:53.366+00:00,1788829131393,USOIL,92.33900,2.00000,0
2026-09-08T00:58:55.017+00:00,1788829132999,USOIL,92.33400,1.00000,0
2026-09-08T00:58:56.266+00:00,1788829134287,USOIL,92.33900,1.00000,0
2026-09-08T00:59:02.366+00:00,1788829140399,USOIL,92.34200,3.00000,0
2026-09-08T00:59:03.316+00:00,1788829141333,USOIL,92.34200,0.00000,0
2026-09-08T00:59:03.317+00:00,1788829141333,USOIL,92.34700,2.00000,0
2026-09-08T00:59:03.969+00:00,1788829141999,USOIL,92.35700,3.00000,0
2026-09-08T00:59:04.267+00:00,1788829142294,USOIL,92.34800,1.00000,0
2026-09-08T00:59:04.617+00:00,1788829142647,USOIL,92.34400,1.00000,0
2026-09-08T00:59:05.216+00:00,1788829143247,USOIL,92.34800,1.00000,0
2026-09-08T00:59:05.566+00:00,1788829143597,USOIL,92.34300,1.00000,0
2026-09-08T00:59:05.915+00:00,1788829143938,USOIL,92.34200,2.00000,0
2026-09-08T00:59:07.166+00:00,1788829145208,USOIL,92.33200,2.00000,0
2026-09-08T00:59:08.165+00:00,1788829146175,USOIL,92.33800,1.00000,0
2026-09-08T00:59:08.416+00:00,1788829146473,USOIL,92.33400,1.00000,0
2026-09-08T00:59:08.767+00:00,1788829146775,USOIL,92.33700,1.00000,0
2026-09-08T00:59:10.717+00:00,1788829148732,USOIL,92.34300,3.00000,0
2026-09-08T00:59:11.367+00:00,1788829149397,USOIL,92.33700,1.00000,0
2026-09-08T00:59:11.667+00:00,1788829149702,USOIL,92.33900,4.00000,0
2026-09-08T00:59:11.967+00:00,1788829149974,USOIL,92.33800,2.00000,0
2026-09-08T00:59:13.267+00:00,1788829151278,USOIL,92.34700,1.00000,0
2026-09-08T00:59:13.866+00:00,1788829151903,USOIL,92.35800,3.00000,0
2026-09-08T00:59:14.166+00:00,1788829152220,USOIL,92.35400,1.00000,0
2026-09-08T00:59:14.516+00:00,1788829152531,USOIL,92.34200,2.00000,0
2026-09-08T00:59:16.466+00:00,1788829154488,USOIL,92.33900,1.00000,0
2026-09-08T00:59:16.767+00:00,1788829154799,USOIL,92.34400,1.00000,0
2026-09-08T00:59:17.116+00:00,1788829155154,USOIL,92.33700,1.00000,0
2026-09-08T00:59:19.016+00:00,1788829157068,USOIL,92.33800,1.00000,0
2026-09-08T00:59:21.329+00:00,1788829159302,USOIL,92.33900,1.00000,0
2026-09-08T00:59:24.467+00:00,1788829162481,USOIL,92.33400,1.00000,0
2026-09-08T00:59:25.792+00:00,1788829163802,USOIL,92.33900,3.00000,0
2026-09-08T00:59:26.687+00:00,1788829164716,USOIL,92.34300,3.00000,0
2026-09-08T00:59:35.315+00:00,1788829173361,USOIL,92.34400,2.00000,0
2026-09-08T00:59:42.716+00:00,1788829180750,USOIL,92.34800,1.00000,0
2026-09-08T00:59:43.066+00:00,1788829181090,USOIL,92.33700,1.00000,0
2026-09-08T00:59:48.766+00:00,1788829186811,USOIL,92.32300,2.00000,0
2026-09-08T00:59:51.716+00:00,1788829189739,USOIL,92.32900,3.00000,0
2026-09-08T00:59:52.615+00:00,1788829190652,USOIL,92.33700,3.00000,0
2026-09-08T00:59:52.967+00:00,1788829190999,USOIL,92.33900,2.00000,0
2026-09-08T00:59:53.316+00:00,1788829191355,USOIL,92.34200,1.00000,0
2026-09-08T00:59:54.865+00:00,1788829192900,USOIL,92.34800,1.00000,0
2026-09-08T00:59:55.215+00:00,1788829193229,USOIL,92.34700,1.00000,0
2026-09-08T00:59:58.065+00:00,1788829196108,USOIL,92.34400,1.00000,0
2026-09-08T00:59:58.416+00:00,1788829196430,USOIL,92.34400,2.00000,0
2026-09-08T00:59:59.065+00:00,1788829197115,USOIL,92.33700,1.00000,0
2026-09-08T00:59:59.367+00:00,1788829197420,USOIL,92.33700,4.00000,0
2026-09-08T00:59:59.665+00:00,1788829197721,USOIL,92.33900,2.00000,0
2026-09-08T00:59:59.967+00:00,1788829197999,USOIL,92.33900,2.00000,0
2026-09-08T01:00:00.316+00:00,1788829198346,USOIL,92.34400,1.00000,0
2026-09-08T01:00:02.319+00:00,1788829200326,USOIL,92.37300,4.00000,0
2026-09-08T01:00:02.615+00:00,1788829200646,USOIL,92.37300,0.00000,0
2026-09-08T01:00:02.618+00:00,1788829200646,USOIL,92.37800,1.00000,0
2026-09-08T01:00:02.917+00:00,1788829200932,USOIL,92.37300,2.00000,0
2026-09-08T01:00:03.215+00:00,1788829201228,USOIL,92.37800,1.00000,0
2026-09-08T01:00:03.516+00:00,1788829201573,USOIL,92.37200,4.00000,0
2026-09-08T01:00:03.968+00:00,1788829201990,USOIL,92.36300,5.00000,0
2026-09-08T01:00:04.319+00:00,1788829202343,USOIL,92.36400,3.00000,0
2026-09-08T01:00:04.665+00:00,1788829202715,USOIL,92.36800,5.00000,0
2026-09-08T01:00:05.067+00:00,1788829203099,USOIL,92.37200,1.00000,0
2026-09-08T01:00:05.416+00:00,1788829203431,USOIL,92.36300,10.00000,0
2026-09-08T01:00:06.066+00:00,1788829204111,USOIL,92.35400,6.00000,0
2026-09-08T01:00:06.365+00:00,1788829204388,USOIL,92.35700,2.00000,0
2026-09-08T01:00:06.665+00:00,1788829204688,USOIL,92.36300,1.00000,0
2026-09-08T01:00:07.616+00:00,1788829205624,USOIL,92.35400,3.00000,0
2026-09-08T01:00:07.916+00:00,1788829205953,USOIL,92.36800,2.00000,0
2026-09-08T01:00:08.215+00:00,1788829206274,USOIL,92.37400,1.00000,0
2026-09-08T01:00:08.568+00:00,1788829206583,USOIL,92.37800,1.00000,0
2026-09-08T01:00:08.866+00:00,1788829206918,USOIL,92.37400,2.00000,0
2026-09-08T01:00:09.215+00:00,1788829207256,USOIL,92.36300,4.00000,0
2026-09-08T01:00:09.516+00:00,1788829207560,USOIL,92.35700,1.00000,0
2026-09-08T01:00:09.865+00:00,1788829207924,USOIL,92.35800,1.00000,0
2026-09-08T01:00:10.565+00:00,1788829208586,USOIL,92.36200,1.00000,0
2026-09-08T01:00:10.817+00:00,1788829208873,USOIL,92.36800,1.00000,0
2026-09-08T01:00:12.764+00:00,1788829210779,USOIL,92.35800,2.00000,0
2026-09-08T01:00:13.116+00:00,1788829211133,USOIL,92.36400,1.00000,0
2026-09-08T01:00:13.366+00:00,1788829211416,USOIL,92.35700,1.00000,0
2026-09-08T01:00:14.366+00:00,1788829212416,USOIL,92.35700,2.00000,0
2026-09-08T01:00:14.667+00:00,1788829212697,USOIL,92.37300,5.00000,0
2026-09-08T01:00:14.965+00:00,1788829212999,USOIL,92.37400,2.00000,0
2026-09-08T01:00:15.316+00:00,1788829213343,USOIL,92.37900,3.00000,0
2026-09-08T01:00:15.616+00:00,1788829213643,USOIL,92.37400,1.00000,0
2026-09-08T01:00:16.015+00:00,1788829214034,USOIL,92.36900,1.00000,0
2026-09-08T01:00:16.266+00:00,1788829214294,USOIL,92.37300,1.00000,0
2026-09-08T01:00:16.616+00:00,1788829214645,USOIL,92.37800,1.00000,0
2026-09-08T01:00:16.916+00:00,1788829214937,USOIL,92.39300,3.00000,0
2026-09-08T01:00:17.214+00:00,1788829215259,USOIL,92.38900,2.00000,0
2026-09-08T01:00:17.566+00:00,1788829215577,USOIL,92.39800,2.00000,0
2026-09-08T01:00:17.865+00:00,1788829215884,USOIL,92.39200,4.00000,0
2026-09-08T01:00:18.215+00:00,1788829216268,USOIL,92.39900,1.00000,0
2026-09-08T01:00:18.515+00:00,1788829216529,USOIL,92.40400,5.00000,0
2026-09-08T01:00:18.816+00:00,1788829216867,USOIL,92.41400,2.00000,0
2026-09-08T01:00:19.166+00:00,1788829217175,USOIL,92.41300,2.00000,0
2026-09-08T01:00:19.466+00:00,1788829217497,USOIL,92.39200,2.00000,0
2026-09-08T01:00:19.866+00:00,1788829217881,USOIL,92.38400,11.00000,0
2026-09-08T01:00:20.465+00:00,1788829218505,USOIL,92.38700,4.00000,0
2026-09-08T01:00:21.066+00:00,1788829219108,USOIL,92.40200,4.00000,0
2026-09-08T01:00:21.416+00:00,1788829219434,USOIL,92.39700,2.00000,0
2026-09-08T01:00:21.765+00:00,1788829219794,USOIL,92.40200,1.00000,0
2026-09-08T01:00:22.016+00:00,1788829220053,USOIL,92.39700,1.00000,0
2026-09-08T01:00:22.666+00:00,1788829220696,USOIL,92.39700,2.00000,0
2026-09-08T01:00:23.016+00:00,1788829221065,USOIL,92.38700,4.00000,0
2026-09-08T01:00:23.317+00:00,1788829221327,USOIL,92.38200,1.00000,0
2026-09-08T01:00:24.014+00:00,1788829222033,USOIL,92.36800,2.00000,0
2026-09-08T01:00:24.615+00:00,1788829222636,USOIL,92.36700,3.00000,0
2026-09-08T01:00:25.215+00:00,1788829223258,USOIL,92.35900,2.00000,0
2026-09-08T01:00:25.917+00:00,1788829223947,USOIL,92.34700,3.00000,0
2026-09-08T01:00:26.215+00:00,1788829224270,USOIL,92.35200,1.00000,0
2026-09-08T01:00:26.865+00:00,1788829224914,USOIL,92.37300,2.00000,0
2026-09-08T01:00:27.467+00:00,1788829225515,USOIL,92.36300,1.00000,0
2026-09-08T01:00:27.816+00:00,1788829225836,USOIL,92.36400,2.00000,0
2026-09-08T01:00:29.115+00:00,1788829227145,USOIL,92.33300,4.00000,0
2026-09-08T01:00:29.416+00:00,1788829227451,USOIL,92.32900,1.00000,0
2026-09-08T01:00:30.015+00:00,1788829228057,USOIL,92.32400,1.00000,0
2026-09-08T01:00:30.415+00:00,1788829228440,USOIL,92.31400,2.00000,0
2026-09-08T01:00:30.676+00:00,1788829228704,USOIL,92.31400,2.00000,0
2026-09-08T01:00:31.017+00:00,1788829229064,USOIL,92.31800,1.00000,0
2026-09-08T01:00:31.315+00:00,1788829229344,USOIL,92.32900,2.00000,0
2026-09-08T01:00:31.966+00:00,1788829229989,USOIL,92.33400,1.00000,0
2026-09-08T01:00:32.664+00:00,1788829230674,USOIL,92.32900,1.00000,0
2026-09-08T01:00:32.917+00:00,1788829230958,USOIL,92.32700,1.00000,0
2026-09-08T01:00:33.865+00:00,1788829231909,USOIL,92.33200,1.00000,0
2026-09-08T01:00:34.515+00:00,1788829232550,USOIL,92.32900,1.00000,0
2026-09-08T01:00:34.866+00:00,1788829232914,USOIL,92.32800,1.00000,0
2026-09-08T01:00:35.515+00:00,1788829233537,USOIL,92.33200,2.00000,0
2026-09-08T01:00:36.815+00:00,1788829234829,USOIL,92.32800,1.00000,0
2026-09-08T01:00:37.067+00:00,1788829235108,USOIL,92.32900,3.00000,0
2026-09-08T01:00:38.066+00:00,1788829236117,USOIL,92.32400,1.00000,0
2026-09-08T01:00:38.364+00:00,1788829236391,USOIL,92.31200,2.00000,0
2026-09-08T01:00:38.664+00:00,1788829236720,USOIL,92.31400,2.00000,0
2026-09-08T01:00:38.966+00:00,1788829236999,USOIL,92.30700,4.00000,0
2026-09-08T01:00:39.315+00:00,1788829237348,USOIL,92.29400,4.00000,0
2026-09-08T01:00:39.668+00:00,1788829237678,USOIL,92.29300,3.00000,0
2026-09-08T01:00:39.965+00:00,1788829237993,USOIL,92.29700,1.00000,0
2026-09-08T01:00:40.615+00:00,1788829238637,USOIL,92.29200,2.00000,0
2026-09-08T01:00:40.916+00:00,1788829238960,USOIL,92.28700,1.00000,0
2026-09-08T01:00:41.565+00:00,1788829239594,USOIL,92.28300,1.00000,0
2026-09-08T01:00:41.914+00:00,1788829239952,USOIL,92.28800,2.00000,0
2026-09-08T01:00:42.564+00:00,1788829240602,USOIL,92.29900,1.00000,0
2026-09-08T01:00:42.866+00:00,1788829240883,USOIL,92.30300,3.00000,0
2026-09-08T01:00:43.165+00:00,1788829241202,USOIL,92.30400,2.00000,0
2026-09-08T01:00:43.516+00:00,1788829241563,USOIL,92.30800,1.00000,0
2026-09-08T01:00:43.816+00:00,1788829241835,USOIL,92.31200,1.00000,0
2026-09-08T01:00:44.115+00:00,1788829242167,USOIL,92.31200,2.00000,0
2026-09-08T01:00:44.415+00:00,1788829242465,USOIL,92.30900,3.00000,0
2026-09-08T01:00:44.815+00:00,1788829242852,USOIL,92.30900,2.00000,0
2026-09-08T01:00:45.115+00:00,1788829243137,USOIL,92.30800,1.00000,0
2026-09-08T01:00:45.415+00:00,1788829243440,USOIL,92.30400,1.00000,0
2026-09-08T01:00:46.065+00:00,1788829244078,USOIL,92.30900,4.00000,0
2026-09-08T01:00:46.368+00:00,1788829244399,USOIL,92.31200,1.00000,0
2026-09-08T01:00:46.665+00:00,1788829244705,USOIL,92.32900,2.00000,0
2026-09-08T01:00:47.069+00:00,1788829245075,USOIL,92.33400,2.00000,0
2026-09-08T01:00:47.314+00:00,1788829245333,USOIL,92.33300,2.00000,0
2026-09-08T01:00:48.916+00:00,1788829246948,USOIL,92.32900,1.00000,0
2026-09-08T01:00:49.266+00:00,1788829247312,USOIL,92.33400,1.00000,0
2026-09-08T01:00:49.566+00:00,1788829247586,USOIL,92.32900,1.00000,0
2026-09-08T01:00:51.514+00:00,1788829249570,USOIL,92.32800,1.00000,0
2026-09-08T01:00:51.866+00:00,1788829249875,USOIL,92.33700,1.00000,0
2026-09-08T01:00:53.115+00:00,1788829251141,USOIL,92.33700,2.00000,0
2026-09-08T01:00:53.464+00:00,1788829251484,USOIL,92.34700,5.00000,0
2026-09-08T01:00:53.765+00:00,1788829251797,USOIL,92.34200,1.00000,0
2026-09-08T01:00:54.066+00:00,1788829252093,USOIL,92.33300,3.00000,0
2026-09-08T01:00:54.714+00:00,1788829252743,USOIL,92.33700,1.00000,0
2026-09-08T01:00:55.066+00:00,1788829253079,USOIL,92.34900,4.00000,0
2026-09-08T01:00:55.315+00:00,1788829253357,USOIL,92.35800,2.00000,0
2026-09-08T01:00:56.014+00:00,1788829254047,USOIL,92.34200,1.00000,0
2026-09-08T01:00:56.315+00:00,1788829254332,USOIL,92.33300,2.00000,0
2026-09-08T01:00:56.614+00:00,1788829254647,USOIL,92.34200,4.00000,0
2026-09-08T01:00:56.915+00:00,1788829254970,USOIL,92.34300,3.00000,0
2026-09-08T01:00:57.615+00:00,1788829255662,USOIL,92.33900,1.00000,0
2026-09-08T01:00:58.515+00:00,1788829256573,USOIL,92.32900,2.00000,0
2026-09-08T01:00:58.864+00:00,1788829256911,USOIL,92.33700,2.00000,0
2026-09-08T01:00:59.164+00:00,1788829257211,USOIL,92.34400,1.00000,0
2026-09-08T01:00:59.564+00:00,1788829257577,USOIL,92.34700,3.00000,0
2026-09-08T01:00:59.815+00:00,1788829257857,USOIL,92.34800,1.00000,0
2026-09-08T01:01:00.515+00:00,1788829258526,USOIL,92.33400,4.00000,0
2026-09-08T01:01:00.815+00:00,1788829258864,USOIL,92.33700,1.00000,0
2026-09-08T01:01:01.115+00:00,1788829259126,USOIL,92.33800,1.00000,0
2026-09-08T01:01:01.414+00:00,1788829259469,USOIL,92.33200,1.00000,0
2026-09-08T01:01:02.068+00:00,1788829260106,USOIL,92.34400,2.00000,0
2026-09-08T01:01:03.065+00:00,1788829261099,USOIL,92.34400,0.00000,0
2026-09-08T01:01:03.073+00:00,1788829261099,USOIL,92.34800,1.00000,0
2026-09-08T01:01:03.666+00:00,1788829261714,USOIL,92.35700,5.00000,0
2026-09-08T01:01:04.016+00:00,1788829262055,USOIL,92.35700,2.00000,0
2026-09-08T01:01:04.365+00:00,1788829262382,USOIL,92.36400,1.00000,0
2026-09-08T01:01:04.615+00:00,1788829262655,USOIL,92.35800,2.00000,0
2026-09-08T01:01:04.964+00:00,1788829262997,USOIL,92.36800,2.00000,0
2026-09-08T01:01:05.315+00:00,1788829263328,USOIL,92.36200,1.00000,0
2026-09-08T01:01:05.616+00:00,1788829263625,USOIL,92.34400,3.00000,0
2026-09-08T01:01:05.922+00:00,1788829263932,USOIL,92.34800,1.00000,0
2026-09-08T01:01:06.614+00:00,1788829264625,USOIL,92.35700,2.00000,0
2026-09-08T01:01:07.564+00:00,1788829265579,USOIL,92.35800,1.00000,0
2026-09-08T01:01:07.865+00:00,1788829265902,USOIL,92.35400,1.00000,0
2026-09-08T01:01:08.165+00:00,1788829266180,USOIL,92.34800,1.00000,0
2026-09-08T01:01:08.515+00:00,1788829266546,USOIL,92.35200,3.00000,0
2026-09-08T01:01:09.114+00:00,1788829267165,USOIL,92.33700,4.00000,0
2026-09-08T01:01:09.415+00:00,1788829267471,USOIL,92.34300,1.00000,0
2026-09-08T01:01:11.015+00:00,1788829269050,USOIL,92.34400,2.00000,0
2026-09-08T01:01:11.664+00:00,1788829269706,USOIL,92.35200,2.00000,0
2026-09-08T01:01:12.014+00:00,1788829270054,USOIL,92.34800,1.00000,0
2026-09-08T01:01:12.314+00:00,1788829270340,USOIL,92.34900,2.00000,0
2026-09-08T01:01:12.664+00:00,1788829270685,USOIL,92.35400,1.00000,0
2026-09-08T01:01:14.615+00:00,1788829272626,USOIL,92.35900,1.00000,0
2026-09-08T01:01:15.515+00:00,1788829273531,USOIL,92.37400,4.00000,0
2026-09-08T01:01:15.865+00:00,1788829273915,USOIL,92.37800,1.00000,0
2026-09-08T01:01:16.165+00:00,1788829274190,USOIL,92.38400,3.00000,0
2026-09-08T01:01:16.515+00:00,1788829274538,USOIL,92.39400,4.00000,0
2026-09-08T01:01:17.415+00:00,1788829275467,USOIL,92.38200,2.00000,0
2026-09-08T01:01:18.066+00:00,1788829276087,USOIL,92.37900,2.00000,0
2026-09-08T01:01:18.415+00:00,1788829276458,USOIL,92.37200,1.00000,0
2026-09-08T01:01:18.764+00:00,1788829276809,USOIL,92.37300,2.00000,0
2026-09-08T01:01:19.015+00:00,1788829277063,USOIL,92.37200,2.00000,0
2026-09-08T01:01:19.364+00:00,1788829277379,USOIL,92.37900,2.00000,0
2026-09-08T01:01:19.967+00:00,1788829277999,USOIL,92.38200,1.00000,0
2026-09-08T01:01:20.615+00:00,1788829278669,USOIL,92.37900,1.00000,0
2026-09-08T01:01:20.964+00:00,1788829278999,USOIL,92.37800,3.00000,0
2026-09-08T01:01:21.313+00:00,1788829279359,USOIL,92.37200,1.00000,0
2026-09-08T01:01:22.865+00:00,1788829280907,USOIL,92.36700,1.00000,0
2026-09-08T01:01:23.564+00:00,1788829281576,USOIL,92.37800,1.00000,0
2026-09-08T01:01:23.865+00:00,1788829281901,USOIL,92.37300,1.00000,0
2026-09-08T01:01:24.214+00:00,1788829282243,USOIL,92.39400,4.00000,0
